Date,Benchmark,Mode,Threads,Samples,Score,Score Error (99.9%),Unit
2021-10-07T23:57:35Z,pl.touk.nussknacker.engine.benchmarks.interpreter.ManyParamsInterpreterBenchmark.benchmarkAsync,thrpt,1,8,59313.128469,1153.994503,ops/s
2021-10-07T23:57:35Z,pl.touk.nussknacker.engine.benchmarks.interpreter.ManyParamsInterpreterBenchmark.benchmarkSync,thrpt,1,8,111730.761059,1976.266377,ops/s
2021-10-07T23:57:35Z,pl.touk.nussknacker.engine.benchmarks.interpreter.OneParamInterpreterBenchmark.benchmarkAsyncIO,thrpt,1,8,30999.102895,1326.314831,ops/s
2021-10-07T23:57:35Z,pl.touk.nussknacker.engine.benchmarks.interpreter.OneParamInterpreterBenchmark.benchmarkFutureAsync,thrpt,1,8,25414.686026,442.175578,ops/s
2021-10-07T23:57:35Z,pl.touk.nussknacker.engine.benchmarks.interpreter.OneParamInterpreterBenchmark.benchmarkFutureSync,thrpt,1,8,481463.614872,14781.486608,ops/s
2021-10-07T23:57:35Z,pl.touk.nussknacker.engine.benchmarks.interpreter.OneParamInterpreterBenchmark.benchmarkSyncIO,thrpt,1,8,481493.847808,6521.575517,ops/s
2021-10-07T23:57:35Z,pl.touk.nussknacker.engine.benchmarks.aggregate.AggregatorBenchamark.sumAggregatorAdd,avgt,1,8,0.054176,0.000675,us/op
2021-10-07T23:57:35Z,pl.touk.nussknacker.engine.benchmarks.serialization.avro.AvroBenchmark.defaultFlinkAvroRoundTripSerialization,avgt,1,8,1.837053,0.029439,us/op
2021-10-07T23:57:35Z,pl.touk.nussknacker.engine.benchmarks.serialization.avro.AvroBenchmark.defaultFlinkKryoRoundTripSerialization,avgt,1,8,20.653870,0.487491,us/op
2021-10-07T23:57:35Z,pl.touk.nussknacker.engine.benchmarks.serialization.avro.AvroBenchmark.schemaIdBasedKryoRoundTripSerialization,avgt,1,8,5.069625,0.047814,us/op
2021-10-07T23:57:35Z,pl.touk.nussknacker.engine.benchmarks.serialization.typedinfo.TypingResultBasedSerializationBenchmark.genericScalaMapSerialization,avgt,1,8,4.921116,0.084236,us/op
2021-10-07T23:57:35Z,pl.touk.nussknacker.engine.benchmarks.serialization.typedinfo.TypingResultBasedSerializationBenchmark.genericSerialization,avgt,1,8,7.523140,0.111601,us/op
2021-10-07T23:57:35Z,pl.touk.nussknacker.engine.benchmarks.serialization.typedinfo.TypingResultBasedSerializationBenchmark.genericTypedMapSerialization,avgt,1,8,3.380876,0.051785,us/op
2021-10-07T23:57:35Z,pl.touk.nussknacker.engine.benchmarks.serialization.typedinfo.TypingResultBasedSerializationBenchmark.typingResultScalaMapSerialization,avgt,1,8,0.864005,0.023755,us/op
2021-10-07T23:57:35Z,pl.touk.nussknacker.engine.benchmarks.serialization.typedinfo.TypingResultBasedSerializationBenchmark.typingResultSerialization,avgt,1,8,1.293392,0.021742,us/op
2021-10-07T23:57:35Z,pl.touk.nussknacker.engine.benchmarks.serialization.typedinfo.TypingResultBasedSerializationBenchmark.typingResultTypedMapSerialization,avgt,1,8,0.754626,0.026940,us/op
2021-10-07T23:57:35Z,pl.touk.nussknacker.engine.benchmarks.spel.SampleSpelBenchmark.benchmark,avgt,1,8,0.181518,0.003766,us/op
2021-10-07T23:57:35Z,pl.touk.nussknacker.engine.benchmarks.spel.ScalaAccessorBenchmark.benchmark,avgt,1,8,0.121978,0.002206,us/op
2021-10-07T23:57:35Z,pl.touk.nussknacker.engine.benchmarks.spel.SpelSecurityExcludeListBenchmark.benchmark,avgt,1,8,0.154544,0.003588,us/op
2021-10-07T23:57:35Z,pl.touk.nussknacker.engine.benchmarks.spel.UUIDBenchmark.secureUUIDTest,avgt,1,8,0.522719,0.016837,us/op
2021-10-07T23:57:35Z,pl.touk.nussknacker.engine.benchmarks.spel.UUIDBenchmark.unsecureUUIDTest,avgt,1,8,0.152976,0.001638,us/op
2021-10-06T23:56:56Z,pl.touk.nussknacker.engine.benchmarks.interpreter.ManyParamsInterpreterBenchmark.benchmarkAsync,thrpt,1,8,88186.570924,573.617600,ops/s
2021-10-06T23:56:56Z,pl.touk.nussknacker.engine.benchmarks.interpreter.ManyParamsInterpreterBenchmark.benchmarkSync,thrpt,1,8,127677.770515,928.304592,ops/s
2021-10-06T23:56:56Z,pl.touk.nussknacker.engine.benchmarks.interpreter.OneParamInterpreterBenchmark.benchmarkAsyncIO,thrpt,1,8,38781.687456,378.113544,ops/s
2021-10-06T23:56:56Z,pl.touk.nussknacker.engine.benchmarks.interpreter.OneParamInterpreterBenchmark.benchmarkFutureAsync,thrpt,1,8,33277.202757,204.318216,ops/s
2021-10-06T23:56:56Z,pl.touk.nussknacker.engine.benchmarks.interpreter.OneParamInterpreterBenchmark.benchmarkFutureSync,thrpt,1,8,539863.031987,1581.491787,ops/s
2021-10-06T23:56:56Z,pl.touk.nussknacker.engine.benchmarks.interpreter.OneParamInterpreterBenchmark.benchmarkSyncIO,thrpt,1,8,471790.445786,1565.142842,ops/s
2021-10-06T23:56:56Z,pl.touk.nussknacker.engine.benchmarks.aggregate.AggregatorBenchamark.sumAggregatorAdd,avgt,1,8,0.044813,0.000076,us/op
2021-10-06T23:56:56Z,pl.touk.nussknacker.engine.benchmarks.serialization.avro.AvroBenchmark.defaultFlinkAvroRoundTripSerialization,avgt,1,8,1.432897,0.001544,us/op
2021-10-06T23:56:56Z,pl.touk.nussknacker.engine.benchmarks.serialization.avro.AvroBenchmark.defaultFlinkKryoRoundTripSerialization,avgt,1,8,17.937129,0.035701,us/op
2021-10-06T23:56:56Z,pl.touk.nussknacker.engine.benchmarks.serialization.avro.AvroBenchmark.schemaIdBasedKryoRoundTripSerialization,avgt,1,8,4.199892,0.064907,us/op
2021-10-06T23:56:56Z,pl.touk.nussknacker.engine.benchmarks.serialization.typedinfo.TypingResultBasedSerializationBenchmark.genericScalaMapSerialization,avgt,1,8,3.678650,0.027383,us/op
2021-10-06T23:56:56Z,pl.touk.nussknacker.engine.benchmarks.serialization.typedinfo.TypingResultBasedSerializationBenchmark.genericSerialization,avgt,1,8,6.260587,0.005947,us/op
2021-10-06T23:56:56Z,pl.touk.nussknacker.engine.benchmarks.serialization.typedinfo.TypingResultBasedSerializationBenchmark.genericTypedMapSerialization,avgt,1,8,2.618377,0.012978,us/op
2021-10-06T23:56:56Z,pl.touk.nussknacker.engine.benchmarks.serialization.typedinfo.TypingResultBasedSerializationBenchmark.typingResultScalaMapSerialization,avgt,1,8,0.786186,0.002511,us/op
2021-10-06T23:56:56Z,pl.touk.nussknacker.engine.benchmarks.serialization.typedinfo.TypingResultBasedSerializationBenchmark.typingResultSerialization,avgt,1,8,1.215647,0.003391,us/op
2021-10-06T23:56:56Z,pl.touk.nussknacker.engine.benchmarks.serialization.typedinfo.TypingResultBasedSerializationBenchmark.typingResultTypedMapSerialization,avgt,1,8,0.611411,0.003712,us/op
2021-10-06T23:56:56Z,pl.touk.nussknacker.engine.benchmarks.spel.SampleSpelBenchmark.benchmark,avgt,1,8,0.158413,0.000624,us/op
2021-10-06T23:56:56Z,pl.touk.nussknacker.engine.benchmarks.spel.ScalaAccessorBenchmark.benchmark,avgt,1,8,0.179716,0.154179,us/op
2021-10-06T23:56:56Z,pl.touk.nussknacker.engine.benchmarks.spel.SpelSecurityExcludeListBenchmark.benchmark,avgt,1,8,0.345197,0.165067,us/op
2021-10-06T23:56:56Z,pl.touk.nussknacker.engine.benchmarks.spel.UUIDBenchmark.secureUUIDTest,avgt,1,8,0.490848,0.000756,us/op
2021-10-06T23:56:56Z,pl.touk.nussknacker.engine.benchmarks.spel.UUIDBenchmark.unsecureUUIDTest,avgt,1,8,0.127768,0.000777,us/op
2021-10-05T23:57:04Z,pl.touk.nussknacker.engine.benchmarks.interpreter.ManyParamsInterpreterBenchmark.benchmarkAsync,thrpt,1,8,92233.419604,767.534236,ops/s
2021-10-05T23:57:04Z,pl.touk.nussknacker.engine.benchmarks.interpreter.ManyParamsInterpreterBenchmark.benchmarkSync,thrpt,1,8,136442.634901,340.662874,ops/s
2021-10-05T23:57:04Z,pl.touk.nussknacker.engine.benchmarks.interpreter.OneParamInterpreterBenchmark.benchmarkAsyncIO,thrpt,1,8,38006.130629,335.154520,ops/s
2021-10-05T23:57:04Z,pl.touk.nussknacker.engine.benchmarks.interpreter.OneParamInterpreterBenchmark.benchmarkFutureAsync,thrpt,1,8,32681.485903,241.140300,ops/s
2021-10-05T23:57:04Z,pl.touk.nussknacker.engine.benchmarks.interpreter.OneParamInterpreterBenchmark.benchmarkFutureSync,thrpt,1,8,600362.804033,3618.556905,ops/s
2021-10-05T23:57:04Z,pl.touk.nussknacker.engine.benchmarks.interpreter.OneParamInterpreterBenchmark.benchmarkSyncIO,thrpt,1,8,502795.943724,1233.699426,ops/s
2021-10-05T23:57:04Z,pl.touk.nussknacker.engine.benchmarks.aggregate.AggregatorBenchamark.sumAggregatorAdd,avgt,1,8,0.044535,0.000323,us/op
2021-10-05T23:57:04Z,pl.touk.nussknacker.engine.benchmarks.serialization.avro.AvroBenchmark.defaultFlinkAvroRoundTripSerialization,avgt,1,8,1.632438,0.004662,us/op
2021-10-05T23:57:04Z,pl.touk.nussknacker.engine.benchmarks.serialization.avro.AvroBenchmark.defaultFlinkKryoRoundTripSerialization,avgt,1,8,17.636843,0.040506,us/op
2021-10-05T23:57:04Z,pl.touk.nussknacker.engine.benchmarks.serialization.avro.AvroBenchmark.schemaIdBasedKryoRoundTripSerialization,avgt,1,8,4.060979,0.012039,us/op
2021-10-05T23:57:04Z,pl.touk.nussknacker.engine.benchmarks.serialization.typedinfo.TypingResultBasedSerializationBenchmark.genericScalaMapSerialization,avgt,1,8,3.685769,0.008458,us/op
2021-10-05T23:57:04Z,pl.touk.nussknacker.engine.benchmarks.serialization.typedinfo.TypingResultBasedSerializationBenchmark.genericSerialization,avgt,1,8,6.146984,0.015789,us/op
2021-10-05T23:57:04Z,pl.touk.nussknacker.engine.benchmarks.serialization.typedinfo.TypingResultBasedSerializationBenchmark.genericTypedMapSerialization,avgt,1,8,2.637336,0.010863,us/op
2021-10-05T23:57:04Z,pl.touk.nussknacker.engine.benchmarks.serialization.typedinfo.TypingResultBasedSerializationBenchmark.typingResultScalaMapSerialization,avgt,1,8,0.803903,0.004619,us/op
2021-10-05T23:57:04Z,pl.touk.nussknacker.engine.benchmarks.serialization.typedinfo.TypingResultBasedSerializationBenchmark.typingResultSerialization,avgt,1,8,1.209084,0.059555,us/op
2021-10-05T23:57:04Z,pl.touk.nussknacker.engine.benchmarks.serialization.typedinfo.TypingResultBasedSerializationBenchmark.typingResultTypedMapSerialization,avgt,1,8,0.574788,0.026113,us/op
2021-10-05T23:57:04Z,pl.touk.nussknacker.engine.benchmarks.spel.SampleSpelBenchmark.benchmark,avgt,1,8,0.127270,0.005277,us/op
2021-10-05T23:57:04Z,pl.touk.nussknacker.engine.benchmarks.spel.ScalaAccessorBenchmark.benchmark,avgt,1,8,0.085938,0.003133,us/op
2021-10-05T23:57:04Z,pl.touk.nussknacker.engine.benchmarks.spel.SpelSecurityExcludeListBenchmark.benchmark,avgt,1,8,0.136839,0.006203,us/op
2021-10-05T23:57:04Z,pl.touk.nussknacker.engine.benchmarks.spel.UUIDBenchmark.secureUUIDTest,avgt,1,8,0.485130,0.007712,us/op
2021-10-05T23:57:04Z,pl.touk.nussknacker.engine.benchmarks.spel.UUIDBenchmark.unsecureUUIDTest,avgt,1,8,0.116111,0.005310,us/op
2021-10-04T23:55:22Z,pl.touk.nussknacker.engine.benchmarks.interpreter.ManyParamsInterpreterBenchmark.benchmarkAsync,thrpt,1,8,61614.379864,654.301380,ops/s
2021-10-04T23:55:22Z,pl.touk.nussknacker.engine.benchmarks.interpreter.ManyParamsInterpreterBenchmark.benchmarkSync,thrpt,1,8,103621.890052,1667.917153,ops/s
2021-10-04T23:55:22Z,pl.touk.nussknacker.engine.benchmarks.interpreter.OneParamInterpreterBenchmark.benchmarkAsyncIO,thrpt,1,8,28493.793251,396.694807,ops/s
2021-10-04T23:55:22Z,pl.touk.nussknacker.engine.benchmarks.interpreter.OneParamInterpreterBenchmark.benchmarkFutureAsync,thrpt,1,8,23328.260323,560.703674,ops/s
2021-10-04T23:55:22Z,pl.touk.nussknacker.engine.benchmarks.interpreter.OneParamInterpreterBenchmark.benchmarkFutureSync,thrpt,1,8,486902.415995,8481.406516,ops/s
2021-10-04T23:55:22Z,pl.touk.nussknacker.engine.benchmarks.interpreter.OneParamInterpreterBenchmark.benchmarkSyncIO,thrpt,1,8,412333.926036,5560.201870,ops/s
2021-10-04T23:55:22Z,pl.touk.nussknacker.engine.benchmarks.aggregate.AggregatorBenchamark.sumAggregatorAdd,avgt,1,8,0.057488,0.000645,us/op
2021-10-04T23:55:22Z,pl.touk.nussknacker.engine.benchmarks.serialization.avro.AvroBenchmark.defaultFlinkAvroRoundTripSerialization,avgt,1,8,2.127691,0.058506,us/op
2021-10-04T23:55:22Z,pl.touk.nussknacker.engine.benchmarks.serialization.avro.AvroBenchmark.defaultFlinkKryoRoundTripSerialization,avgt,1,8,22.943295,0.331422,us/op
2021-10-04T23:55:22Z,pl.touk.nussknacker.engine.benchmarks.serialization.avro.AvroBenchmark.schemaIdBasedKryoRoundTripSerialization,avgt,1,8,5.817817,0.136973,us/op
2021-10-04T23:55:22Z,pl.touk.nussknacker.engine.benchmarks.serialization.typedinfo.TypingResultBasedSerializationBenchmark.genericScalaMapSerialization,avgt,1,8,5.145139,0.116406,us/op
2021-10-04T23:55:22Z,pl.touk.nussknacker.engine.benchmarks.serialization.typedinfo.TypingResultBasedSerializationBenchmark.genericSerialization,avgt,1,8,8.511009,0.135937,us/op
2021-10-04T23:55:22Z,pl.touk.nussknacker.engine.benchmarks.serialization.typedinfo.TypingResultBasedSerializationBenchmark.genericTypedMapSerialization,avgt,1,8,3.754694,0.067733,us/op
2021-10-04T23:55:22Z,pl.touk.nussknacker.engine.benchmarks.serialization.typedinfo.TypingResultBasedSerializationBenchmark.typingResultScalaMapSerialization,avgt,1,8,0.992212,0.023463,us/op
2021-10-04T23:55:22Z,pl.touk.nussknacker.engine.benchmarks.serialization.typedinfo.TypingResultBasedSerializationBenchmark.typingResultSerialization,avgt,1,8,1.481252,0.030898,us/op
2021-10-04T23:55:22Z,pl.touk.nussknacker.engine.benchmarks.serialization.typedinfo.TypingResultBasedSerializationBenchmark.typingResultTypedMapSerialization,avgt,1,8,0.781293,0.011198,us/op
2021-10-04T23:55:22Z,pl.touk.nussknacker.engine.benchmarks.spel.SampleSpelBenchmark.benchmark,avgt,1,8,0.205922,0.005286,us/op
2021-10-04T23:55:22Z,pl.touk.nussknacker.engine.benchmarks.spel.ScalaAccessorBenchmark.benchmark,avgt,1,8,0.149040,0.002141,us/op
2021-10-04T23:55:22Z,pl.touk.nussknacker.engine.benchmarks.spel.SpelSecurityExcludeListBenchmark.benchmark,avgt,1,8,0.188054,0.004141,us/op
2021-10-04T23:55:22Z,pl.touk.nussknacker.engine.benchmarks.spel.UUIDBenchmark.secureUUIDTest,avgt,1,8,0.595534,0.011047,us/op
2021-10-04T23:55:22Z,pl.touk.nussknacker.engine.benchmarks.spel.UUIDBenchmark.unsecureUUIDTest,avgt,1,8,0.171748,0.002543,us/op
2021-10-03T23:57:19Z,pl.touk.nussknacker.engine.benchmarks.interpreter.ManyParamsInterpreterBenchmark.benchmarkAsync,thrpt,1,8,66545.788382,1519.752727,ops/s
2021-10-03T23:57:19Z,pl.touk.nussknacker.engine.benchmarks.interpreter.ManyParamsInterpreterBenchmark.benchmarkSync,thrpt,1,8,126002.750261,4971.274611,ops/s
2021-10-03T23:57:19Z,pl.touk.nussknacker.engine.benchmarks.interpreter.OneParamInterpreterBenchmark.benchmarkAsyncIO,thrpt,1,8,32390.378156,880.275549,ops/s
2021-10-03T23:57:19Z,pl.touk.nussknacker.engine.benchmarks.interpreter.OneParamInterpreterBenchmark.benchmarkFutureAsync,thrpt,1,8,27385.077741,780.690836,ops/s
2021-10-03T23:57:19Z,pl.touk.nussknacker.engine.benchmarks.interpreter.OneParamInterpreterBenchmark.benchmarkFutureSync,thrpt,1,8,555628.681112,30622.818811,ops/s
2021-10-03T23:57:19Z,pl.touk.nussknacker.engine.benchmarks.interpreter.OneParamInterpreterBenchmark.benchmarkSyncIO,thrpt,1,8,541209.095047,14189.218103,ops/s
2021-10-03T23:57:19Z,pl.touk.nussknacker.engine.benchmarks.aggregate.AggregatorBenchamark.sumAggregatorAdd,avgt,1,8,0.047958,0.001517,us/op
2021-10-03T23:57:19Z,pl.touk.nussknacker.engine.benchmarks.serialization.avro.AvroBenchmark.defaultFlinkAvroRoundTripSerialization,avgt,1,8,1.640592,0.041187,us/op
2021-10-03T23:57:19Z,pl.touk.nussknacker.engine.benchmarks.serialization.avro.AvroBenchmark.defaultFlinkKryoRoundTripSerialization,avgt,1,8,19.036895,0.976105,us/op
2021-10-03T23:57:19Z,pl.touk.nussknacker.engine.benchmarks.serialization.avro.AvroBenchmark.schemaIdBasedKryoRoundTripSerialization,avgt,1,8,4.769467,0.127767,us/op
2021-10-03T23:57:19Z,pl.touk.nussknacker.engine.benchmarks.serialization.typedinfo.TypingResultBasedSerializationBenchmark.genericScalaMapSerialization,avgt,1,8,4.667296,0.083637,us/op
2021-10-03T23:57:19Z,pl.touk.nussknacker.engine.benchmarks.serialization.typedinfo.TypingResultBasedSerializationBenchmark.genericSerialization,avgt,1,8,7.227167,0.261412,us/op
2021-10-03T23:57:19Z,pl.touk.nussknacker.engine.benchmarks.serialization.typedinfo.TypingResultBasedSerializationBenchmark.genericTypedMapSerialization,avgt,1,8,3.190173,0.160401,us/op
2021-10-03T23:57:19Z,pl.touk.nussknacker.engine.benchmarks.serialization.typedinfo.TypingResultBasedSerializationBenchmark.typingResultScalaMapSerialization,avgt,1,8,0.786294,0.029307,us/op
2021-10-03T23:57:19Z,pl.touk.nussknacker.engine.benchmarks.serialization.typedinfo.TypingResultBasedSerializationBenchmark.typingResultSerialization,avgt,1,8,1.227283,0.057287,us/op
2021-10-03T23:57:19Z,pl.touk.nussknacker.engine.benchmarks.serialization.typedinfo.TypingResultBasedSerializationBenchmark.typingResultTypedMapSerialization,avgt,1,8,0.614196,0.023169,us/op
2021-10-03T23:57:19Z,pl.touk.nussknacker.engine.benchmarks.spel.SampleSpelBenchmark.benchmark,avgt,1,8,0.175786,0.016145,us/op
2021-10-03T23:57:19Z,pl.touk.nussknacker.engine.benchmarks.spel.ScalaAccessorBenchmark.benchmark,avgt,1,8,0.126261,0.010769,us/op
2021-10-03T23:57:19Z,pl.touk.nussknacker.engine.benchmarks.spel.SpelSecurityExcludeListBenchmark.benchmark,avgt,1,8,0.165720,0.012636,us/op
2021-10-03T23:57:19Z,pl.touk.nussknacker.engine.benchmarks.spel.UUIDBenchmark.secureUUIDTest,avgt,1,8,0.542186,0.016262,us/op
2021-10-03T23:57:19Z,pl.touk.nussknacker.engine.benchmarks.spel.UUIDBenchmark.unsecureUUIDTest,avgt,1,8,0.146756,0.008991,us/op
2021-10-02T23:57:18Z,pl.touk.nussknacker.engine.benchmarks.interpreter.ManyParamsInterpreterBenchmark.benchmarkAsync,thrpt,1,8,66902.932964,1126.115538,ops/s
2021-10-02T23:57:18Z,pl.touk.nussknacker.engine.benchmarks.interpreter.ManyParamsInterpreterBenchmark.benchmarkSync,thrpt,1,8,119574.751862,3608.710077,ops/s
2021-10-02T23:57:18Z,pl.touk.nussknacker.engine.benchmarks.interpreter.OneParamInterpreterBenchmark.benchmarkAsyncIO,thrpt,1,8,27053.572995,1095.677244,ops/s
2021-10-02T23:57:18Z,pl.touk.nussknacker.engine.benchmarks.interpreter.OneParamInterpreterBenchmark.benchmarkFutureAsync,thrpt,1,8,26240.683868,1111.030469,ops/s
2021-10-02T23:57:18Z,pl.touk.nussknacker.engine.benchmarks.interpreter.OneParamInterpreterBenchmark.benchmarkFutureSync,thrpt,1,8,412227.054834,13104.566985,ops/s
2021-10-02T23:57:18Z,pl.touk.nussknacker.engine.benchmarks.interpreter.OneParamInterpreterBenchmark.benchmarkSyncIO,thrpt,1,8,447760.766555,8846.368138,ops/s
2021-10-02T23:57:18Z,pl.touk.nussknacker.engine.benchmarks.aggregate.AggregatorBenchamark.sumAggregatorAdd,avgt,1,8,0.056980,0.002029,us/op
2021-10-02T23:57:18Z,pl.touk.nussknacker.engine.benchmarks.serialization.avro.AvroBenchmark.defaultFlinkAvroRoundTripSerialization,avgt,1,8,1.759618,0.025311,us/op
2021-10-02T23:57:18Z,pl.touk.nussknacker.engine.benchmarks.serialization.avro.AvroBenchmark.defaultFlinkKryoRoundTripSerialization,avgt,1,8,19.408787,0.243827,us/op
2021-10-02T23:57:18Z,pl.touk.nussknacker.engine.benchmarks.serialization.avro.AvroBenchmark.schemaIdBasedKryoRoundTripSerialization,avgt,1,8,4.708717,0.075435,us/op
2021-10-02T23:57:18Z,pl.touk.nussknacker.engine.benchmarks.serialization.typedinfo.TypingResultBasedSerializationBenchmark.genericScalaMapSerialization,avgt,1,8,4.047597,0.081976,us/op
2021-10-02T23:57:18Z,pl.touk.nussknacker.engine.benchmarks.serialization.typedinfo.TypingResultBasedSerializationBenchmark.genericSerialization,avgt,1,8,7.080514,0.167194,us/op
2021-10-02T23:57:18Z,pl.touk.nussknacker.engine.benchmarks.serialization.typedinfo.TypingResultBasedSerializationBenchmark.genericTypedMapSerialization,avgt,1,8,2.947744,0.028278,us/op
2021-10-02T23:57:18Z,pl.touk.nussknacker.engine.benchmarks.serialization.typedinfo.TypingResultBasedSerializationBenchmark.typingResultScalaMapSerialization,avgt,1,8,0.897967,0.017576,us/op
2021-10-02T23:57:18Z,pl.touk.nussknacker.engine.benchmarks.serialization.typedinfo.TypingResultBasedSerializationBenchmark.typingResultSerialization,avgt,1,8,1.303333,0.017003,us/op
2021-10-02T23:57:18Z,pl.touk.nussknacker.engine.benchmarks.serialization.typedinfo.TypingResultBasedSerializationBenchmark.typingResultTypedMapSerialization,avgt,1,8,0.656800,0.008739,us/op
2021-10-02T23:57:18Z,pl.touk.nussknacker.engine.benchmarks.spel.SampleSpelBenchmark.benchmark,avgt,1,8,0.176557,0.003186,us/op
2021-10-02T23:57:18Z,pl.touk.nussknacker.engine.benchmarks.spel.ScalaAccessorBenchmark.benchmark,avgt,1,8,0.117413,0.003810,us/op
2021-10-02T23:57:18Z,pl.touk.nussknacker.engine.benchmarks.spel.SpelSecurityExcludeListBenchmark.benchmark,avgt,1,8,0.147399,0.003229,us/op
2021-10-02T23:57:18Z,pl.touk.nussknacker.engine.benchmarks.spel.UUIDBenchmark.secureUUIDTest,avgt,1,8,0.530074,0.009961,us/op
2021-10-02T23:57:18Z,pl.touk.nussknacker.engine.benchmarks.spel.UUIDBenchmark.unsecureUUIDTest,avgt,1,8,0.139352,0.001907,us/op
2021-10-01T23:56:34Z,pl.touk.nussknacker.engine.benchmarks.interpreter.ManyParamsInterpreterBenchmark.benchmarkAsync,thrpt,1,8,87219.741513,469.324533,ops/s
2021-10-01T23:56:34Z,pl.touk.nussknacker.engine.benchmarks.interpreter.ManyParamsInterpreterBenchmark.benchmarkSync,thrpt,1,8,139921.525987,397.319886,ops/s
2021-10-01T23:56:34Z,pl.touk.nussknacker.engine.benchmarks.interpreter.OneParamInterpreterBenchmark.benchmarkAsyncIO,thrpt,1,8,37983.793292,219.263462,ops/s
2021-10-01T23:56:34Z,pl.touk.nussknacker.engine.benchmarks.interpreter.OneParamInterpreterBenchmark.benchmarkFutureAsync,thrpt,1,8,32792.917488,127.217653,ops/s
2021-10-01T23:56:34Z,pl.touk.nussknacker.engine.benchmarks.interpreter.OneParamInterpreterBenchmark.benchmarkFutureSync,thrpt,1,8,477577.413324,1104.402163,ops/s
2021-10-01T23:56:34Z,pl.touk.nussknacker.engine.benchmarks.interpreter.OneParamInterpreterBenchmark.benchmarkSyncIO,thrpt,1,8,474126.900770,1488.297601,ops/s
2021-10-01T23:56:34Z,pl.touk.nussknacker.engine.benchmarks.aggregate.AggregatorBenchamark.sumAggregatorAdd,avgt,1,8,0.048379,0.000052,us/op
2021-10-01T23:56:34Z,pl.touk.nussknacker.engine.benchmarks.serialization.avro.AvroBenchmark.defaultFlinkAvroRoundTripSerialization,avgt,1,8,1.514363,0.003375,us/op
2021-10-01T23:56:34Z,pl.touk.nussknacker.engine.benchmarks.serialization.avro.AvroBenchmark.defaultFlinkKryoRoundTripSerialization,avgt,1,8,17.892217,0.038470,us/op
2021-10-01T23:56:34Z,pl.touk.nussknacker.engine.benchmarks.serialization.avro.AvroBenchmark.schemaIdBasedKryoRoundTripSerialization,avgt,1,8,4.393594,0.019828,us/op
2021-10-01T23:56:34Z,pl.touk.nussknacker.engine.benchmarks.serialization.typedinfo.TypingResultBasedSerializationBenchmark.genericScalaMapSerialization,avgt,1,8,3.755281,0.008060,us/op
2021-10-01T23:56:34Z,pl.touk.nussknacker.engine.benchmarks.serialization.typedinfo.TypingResultBasedSerializationBenchmark.genericSerialization,avgt,1,8,6.358774,0.007195,us/op
2021-10-01T23:56:34Z,pl.touk.nussknacker.engine.benchmarks.serialization.typedinfo.TypingResultBasedSerializationBenchmark.genericTypedMapSerialization,avgt,1,8,2.638540,0.018108,us/op
2021-10-01T23:56:34Z,pl.touk.nussknacker.engine.benchmarks.serialization.typedinfo.TypingResultBasedSerializationBenchmark.typingResultScalaMapSerialization,avgt,1,8,0.764340,0.002873,us/op
2021-10-01T23:56:34Z,pl.touk.nussknacker.engine.benchmarks.serialization.typedinfo.TypingResultBasedSerializationBenchmark.typingResultSerialization,avgt,1,8,1.193305,0.003571,us/op
2021-10-01T23:56:34Z,pl.touk.nussknacker.engine.benchmarks.serialization.typedinfo.TypingResultBasedSerializationBenchmark.typingResultTypedMapSerialization,avgt,1,8,0.594907,0.001286,us/op
2021-10-01T23:56:34Z,pl.touk.nussknacker.engine.benchmarks.spel.SampleSpelBenchmark.benchmark,avgt,1,8,0.147455,0.001352,us/op
2021-10-01T23:56:34Z,pl.touk.nussknacker.engine.benchmarks.spel.ScalaAccessorBenchmark.benchmark,avgt,1,8,0.105221,0.000426,us/op
2021-10-01T23:56:34Z,pl.touk.nussknacker.engine.benchmarks.spel.SpelSecurityExcludeListBenchmark.benchmark,avgt,1,8,0.145799,0.000318,us/op
2021-10-01T23:56:34Z,pl.touk.nussknacker.engine.benchmarks.spel.UUIDBenchmark.secureUUIDTest,avgt,1,8,0.502111,0.000835,us/op
2021-10-01T23:56:34Z,pl.touk.nussknacker.engine.benchmarks.spel.UUIDBenchmark.unsecureUUIDTest,avgt,1,8,0.131264,0.001242,us/op
2021-09-30T23:57:35Z,pl.touk.nussknacker.engine.benchmarks.interpreter.ManyParamsInterpreterBenchmark.benchmarkAsync,thrpt,1,8,75898.689465,206.667776,ops/s
2021-09-30T23:57:35Z,pl.touk.nussknacker.engine.benchmarks.interpreter.ManyParamsInterpreterBenchmark.benchmarkSync,thrpt,1,8,109952.186705,1048.980453,ops/s
2021-09-30T23:57:35Z,pl.touk.nussknacker.engine.benchmarks.interpreter.OneParamInterpreterBenchmark.benchmarkAsyncIO,thrpt,1,8,31947.784883,488.920789,ops/s
2021-09-30T23:57:35Z,pl.touk.nussknacker.engine.benchmarks.interpreter.OneParamInterpreterBenchmark.benchmarkFutureAsync,thrpt,1,8,26563.558066,965.879257,ops/s
2021-09-30T23:57:35Z,pl.touk.nussknacker.engine.benchmarks.interpreter.OneParamInterpreterBenchmark.benchmarkFutureSync,thrpt,1,8,427918.680469,4994.343011,ops/s
2021-09-30T23:57:35Z,pl.touk.nussknacker.engine.benchmarks.interpreter.OneParamInterpreterBenchmark.benchmarkSyncIO,thrpt,1,8,266755.504989,6354.317758,ops/s
2021-09-30T23:57:35Z,pl.touk.nussknacker.engine.benchmarks.aggregate.AggregatorBenchamark.sumAggregatorAdd,avgt,1,8,0.058099,0.000832,us/op
2021-09-30T23:57:35Z,pl.touk.nussknacker.engine.benchmarks.serialization.avro.AvroBenchmark.defaultFlinkAvroRoundTripSerialization,avgt,1,8,1.805417,0.016609,us/op
2021-09-30T23:57:35Z,pl.touk.nussknacker.engine.benchmarks.serialization.avro.AvroBenchmark.defaultFlinkKryoRoundTripSerialization,avgt,1,8,21.016394,0.138131,us/op
2021-09-30T23:57:35Z,pl.touk.nussknacker.engine.benchmarks.serialization.avro.AvroBenchmark.schemaIdBasedKryoRoundTripSerialization,avgt,1,8,4.886330,0.088300,us/op
2021-09-30T23:57:35Z,pl.touk.nussknacker.engine.benchmarks.serialization.typedinfo.TypingResultBasedSerializationBenchmark.genericScalaMapSerialization,avgt,1,8,4.336335,0.050757,us/op
2021-09-30T23:57:35Z,pl.touk.nussknacker.engine.benchmarks.serialization.typedinfo.TypingResultBasedSerializationBenchmark.genericSerialization,avgt,1,8,7.182404,0.075281,us/op
2021-09-30T23:57:35Z,pl.touk.nussknacker.engine.benchmarks.serialization.typedinfo.TypingResultBasedSerializationBenchmark.genericTypedMapSerialization,avgt,1,8,3.084043,0.032132,us/op
2021-09-30T23:57:35Z,pl.touk.nussknacker.engine.benchmarks.serialization.typedinfo.TypingResultBasedSerializationBenchmark.typingResultScalaMapSerialization,avgt,1,8,0.904881,0.026114,us/op
2021-09-30T23:57:35Z,pl.touk.nussknacker.engine.benchmarks.serialization.typedinfo.TypingResultBasedSerializationBenchmark.typingResultSerialization,avgt,1,8,1.359936,0.018425,us/op
2021-09-30T23:57:35Z,pl.touk.nussknacker.engine.benchmarks.serialization.typedinfo.TypingResultBasedSerializationBenchmark.typingResultTypedMapSerialization,avgt,1,8,0.672132,0.004671,us/op
2021-09-30T23:57:35Z,pl.touk.nussknacker.engine.benchmarks.spel.SampleSpelBenchmark.benchmark,avgt,1,8,0.186688,0.002326,us/op
2021-09-30T23:57:35Z,pl.touk.nussknacker.engine.benchmarks.spel.ScalaAccessorBenchmark.benchmark,avgt,1,8,0.091324,0.000639,us/op
2021-09-30T23:57:35Z,pl.touk.nussknacker.engine.benchmarks.spel.SpelSecurityExcludeListBenchmark.benchmark,avgt,1,8,0.166000,0.000697,us/op
2021-09-30T23:57:35Z,pl.touk.nussknacker.engine.benchmarks.spel.UUIDBenchmark.secureUUIDTest,avgt,1,8,0.593093,0.005713,us/op
2021-09-30T23:57:35Z,pl.touk.nussknacker.engine.benchmarks.spel.UUIDBenchmark.unsecureUUIDTest,avgt,1,8,0.144443,0.001730,us/op
2021-09-29T23:56:47Z,pl.touk.nussknacker.engine.benchmarks.interpreter.ManyParamsInterpreterBenchmark.benchmarkAsync,thrpt,1,8,80386.158323,325.446913,ops/s
2021-09-29T23:56:47Z,pl.touk.nussknacker.engine.benchmarks.interpreter.ManyParamsInterpreterBenchmark.benchmarkSync,thrpt,1,8,146042.319710,225.730572,ops/s
2021-09-29T23:56:47Z,pl.touk.nussknacker.engine.benchmarks.interpreter.OneParamInterpreterBenchmark.benchmarkAsyncIO,thrpt,1,8,38019.374997,303.461065,ops/s
2021-09-29T23:56:47Z,pl.touk.nussknacker.engine.benchmarks.interpreter.OneParamInterpreterBenchmark.benchmarkFutureAsync,thrpt,1,8,32600.379174,212.798040,ops/s
2021-09-29T23:56:47Z,pl.touk.nussknacker.engine.benchmarks.interpreter.OneParamInterpreterBenchmark.benchmarkFutureSync,thrpt,1,8,559436.048363,1050.854560,ops/s
2021-09-29T23:56:47Z,pl.touk.nussknacker.engine.benchmarks.interpreter.OneParamInterpreterBenchmark.benchmarkSyncIO,thrpt,1,8,494085.847806,3232.555800,ops/s
2021-09-29T23:56:47Z,pl.touk.nussknacker.engine.benchmarks.aggregate.AggregatorBenchamark.sumAggregatorAdd,avgt,1,8,0.048706,0.000066,us/op
2021-09-29T23:56:47Z,pl.touk.nussknacker.engine.benchmarks.serialization.avro.AvroBenchmark.defaultFlinkAvroRoundTripSerialization,avgt,1,8,1.617120,0.001598,us/op
2021-09-29T23:56:47Z,pl.touk.nussknacker.engine.benchmarks.serialization.avro.AvroBenchmark.defaultFlinkKryoRoundTripSerialization,avgt,1,8,17.623422,0.043650,us/op
2021-09-29T23:56:47Z,pl.touk.nussknacker.engine.benchmarks.serialization.avro.AvroBenchmark.schemaIdBasedKryoRoundTripSerialization,avgt,1,8,4.091324,0.009190,us/op
2021-09-29T23:56:47Z,pl.touk.nussknacker.engine.benchmarks.serialization.typedinfo.TypingResultBasedSerializationBenchmark.genericScalaMapSerialization,avgt,1,8,3.615271,0.011820,us/op
2021-09-29T23:56:47Z,pl.touk.nussknacker.engine.benchmarks.serialization.typedinfo.TypingResultBasedSerializationBenchmark.genericSerialization,avgt,1,8,6.229994,0.009870,us/op
2021-09-29T23:56:47Z,pl.touk.nussknacker.engine.benchmarks.serialization.typedinfo.TypingResultBasedSerializationBenchmark.genericTypedMapSerialization,avgt,1,8,2.661381,0.008864,us/op
2021-09-29T23:56:47Z,pl.touk.nussknacker.engine.benchmarks.serialization.typedinfo.TypingResultBasedSerializationBenchmark.typingResultScalaMapSerialization,avgt,1,8,0.733675,0.001560,us/op
2021-09-29T23:56:47Z,pl.touk.nussknacker.engine.benchmarks.serialization.typedinfo.TypingResultBasedSerializationBenchmark.typingResultSerialization,avgt,1,8,1.130966,0.000882,us/op
2021-09-29T23:56:47Z,pl.touk.nussknacker.engine.benchmarks.serialization.typedinfo.TypingResultBasedSerializationBenchmark.typingResultTypedMapSerialization,avgt,1,8,0.581686,0.001602,us/op
2021-09-29T23:56:47Z,pl.touk.nussknacker.engine.benchmarks.spel.SampleSpelBenchmark.benchmark,avgt,1,8,0.154441,0.000262,us/op
2021-09-29T23:56:47Z,pl.touk.nussknacker.engine.benchmarks.spel.ScalaAccessorBenchmark.benchmark,avgt,1,8,0.101484,0.000468,us/op
2021-09-29T23:56:47Z,pl.touk.nussknacker.engine.benchmarks.spel.SpelSecurityExcludeListBenchmark.benchmark,avgt,1,8,0.143919,0.000189,us/op
2021-09-29T23:56:47Z,pl.touk.nussknacker.engine.benchmarks.spel.UUIDBenchmark.secureUUIDTest,avgt,1,8,0.500512,0.000607,us/op
2021-09-29T23:56:47Z,pl.touk.nussknacker.engine.benchmarks.spel.UUIDBenchmark.unsecureUUIDTest,avgt,1,8,0.125671,0.000282,us/op
2021-09-28T23:57:18Z,pl.touk.nussknacker.engine.benchmarks.interpreter.ManyParamsInterpreterBenchmark.benchmarkAsync,thrpt,1,8,72921.503525,676.531352,ops/s
2021-09-28T23:57:18Z,pl.touk.nussknacker.engine.benchmarks.interpreter.ManyParamsInterpreterBenchmark.benchmarkSync,thrpt,1,8,114492.314574,1268.582825,ops/s
2021-09-28T23:57:18Z,pl.touk.nussknacker.engine.benchmarks.interpreter.OneParamInterpreterBenchmark.benchmarkAsyncIO,thrpt,1,8,31317.471195,865.402645,ops/s
2021-09-28T23:57:18Z,pl.touk.nussknacker.engine.benchmarks.interpreter.OneParamInterpreterBenchmark.benchmarkFutureAsync,thrpt,1,8,27176.517706,713.519394,ops/s
2021-09-28T23:57:18Z,pl.touk.nussknacker.engine.benchmarks.interpreter.OneParamInterpreterBenchmark.benchmarkFutureSync,thrpt,1,8,432390.957677,8955.580097,ops/s
2021-09-28T23:57:18Z,pl.touk.nussknacker.engine.benchmarks.interpreter.OneParamInterpreterBenchmark.benchmarkSyncIO,thrpt,1,8,431784.548866,5224.410789,ops/s
2021-09-28T23:57:18Z,pl.touk.nussknacker.engine.benchmarks.aggregate.AggregatorBenchamark.sumAggregatorAdd,avgt,1,8,0.060884,0.000621,us/op
2021-09-28T23:57:18Z,pl.touk.nussknacker.engine.benchmarks.serialization.avro.AvroBenchmark.defaultFlinkAvroRoundTripSerialization,avgt,1,8,1.934619,0.038095,us/op
2021-09-28T23:57:18Z,pl.touk.nussknacker.engine.benchmarks.serialization.avro.AvroBenchmark.defaultFlinkKryoRoundTripSerialization,avgt,1,8,21.808464,0.257429,us/op
2021-09-28T23:57:18Z,pl.touk.nussknacker.engine.benchmarks.serialization.avro.AvroBenchmark.schemaIdBasedKryoRoundTripSerialization,avgt,1,8,4.860439,0.131652,us/op
2021-09-28T23:57:18Z,pl.touk.nussknacker.engine.benchmarks.serialization.typedinfo.TypingResultBasedSerializationBenchmark.genericScalaMapSerialization,avgt,1,8,4.333981,0.051430,us/op
2021-09-28T23:57:18Z,pl.touk.nussknacker.engine.benchmarks.serialization.typedinfo.TypingResultBasedSerializationBenchmark.genericSerialization,avgt,1,8,7.682480,0.143778,us/op
2021-09-28T23:57:18Z,pl.touk.nussknacker.engine.benchmarks.serialization.typedinfo.TypingResultBasedSerializationBenchmark.genericTypedMapSerialization,avgt,1,8,3.080604,0.041386,us/op
2021-09-28T23:57:18Z,pl.touk.nussknacker.engine.benchmarks.serialization.typedinfo.TypingResultBasedSerializationBenchmark.typingResultScalaMapSerialization,avgt,1,8,0.933445,0.016250,us/op
2021-09-28T23:57:18Z,pl.touk.nussknacker.engine.benchmarks.serialization.typedinfo.TypingResultBasedSerializationBenchmark.typingResultSerialization,avgt,1,8,1.330504,0.015282,us/op
2021-09-28T23:57:18Z,pl.touk.nussknacker.engine.benchmarks.serialization.typedinfo.TypingResultBasedSerializationBenchmark.typingResultTypedMapSerialization,avgt,1,8,0.701315,0.009432,us/op
2021-09-28T23:57:18Z,pl.touk.nussknacker.engine.benchmarks.spel.SampleSpelBenchmark.benchmark,avgt,1,8,0.197567,0.002875,us/op
2021-09-28T23:57:18Z,pl.touk.nussknacker.engine.benchmarks.spel.ScalaAccessorBenchmark.benchmark,avgt,1,8,0.117763,0.001436,us/op
2021-09-28T23:57:18Z,pl.touk.nussknacker.engine.benchmarks.spel.SpelSecurityExcludeListBenchmark.benchmark,avgt,1,8,0.175877,0.002018,us/op
2021-09-28T23:57:18Z,pl.touk.nussknacker.engine.benchmarks.spel.UUIDBenchmark.secureUUIDTest,avgt,1,8,0.601630,0.011579,us/op
2021-09-28T23:57:18Z,pl.touk.nussknacker.engine.benchmarks.spel.UUIDBenchmark.unsecureUUIDTest,avgt,1,8,0.150151,0.003257,us/op
2021-09-27T23:57:06Z,pl.touk.nussknacker.engine.benchmarks.interpreter.ManyParamsInterpreterBenchmark.benchmarkAsync,thrpt,1,8,77373.540995,574.687932,ops/s
2021-09-27T23:57:06Z,pl.touk.nussknacker.engine.benchmarks.interpreter.ManyParamsInterpreterBenchmark.benchmarkSync,thrpt,1,8,110872.496212,1735.494470,ops/s
2021-09-27T23:57:06Z,pl.touk.nussknacker.engine.benchmarks.interpreter.OneParamInterpreterBenchmark.benchmarkAsyncIO,thrpt,1,8,33373.938781,620.312523,ops/s
2021-09-27T23:57:06Z,pl.touk.nussknacker.engine.benchmarks.interpreter.OneParamInterpreterBenchmark.benchmarkFutureAsync,thrpt,1,8,27794.138392,752.726121,ops/s
2021-09-27T23:57:06Z,pl.touk.nussknacker.engine.benchmarks.interpreter.OneParamInterpreterBenchmark.benchmarkFutureSync,thrpt,1,8,422099.192705,7024.712648,ops/s
2021-09-27T23:57:06Z,pl.touk.nussknacker.engine.benchmarks.interpreter.OneParamInterpreterBenchmark.benchmarkSyncIO,thrpt,1,8,446033.395819,4940.368526,ops/s
2021-09-27T23:57:06Z,pl.touk.nussknacker.engine.benchmarks.aggregate.AggregatorBenchamark.sumAggregatorAdd,avgt,1,8,0.053052,0.001123,us/op
2021-09-27T23:57:06Z,pl.touk.nussknacker.engine.benchmarks.serialization.avro.AvroBenchmark.defaultFlinkAvroRoundTripSerialization,avgt,1,8,1.586074,0.025976,us/op
2021-09-27T23:57:06Z,pl.touk.nussknacker.engine.benchmarks.serialization.avro.AvroBenchmark.defaultFlinkKryoRoundTripSerialization,avgt,1,8,19.849471,0.207970,us/op
2021-09-27T23:57:06Z,pl.touk.nussknacker.engine.benchmarks.serialization.avro.AvroBenchmark.schemaIdBasedKryoRoundTripSerialization,avgt,1,8,4.565098,0.068462,us/op
2021-09-27T23:57:06Z,pl.touk.nussknacker.engine.benchmarks.serialization.typedinfo.TypingResultBasedSerializationBenchmark.genericScalaMapSerialization,avgt,1,8,4.184798,0.068029,us/op
2021-09-27T23:57:06Z,pl.touk.nussknacker.engine.benchmarks.serialization.typedinfo.TypingResultBasedSerializationBenchmark.genericSerialization,avgt,1,8,7.295211,0.109476,us/op
2021-09-27T23:57:06Z,pl.touk.nussknacker.engine.benchmarks.serialization.typedinfo.TypingResultBasedSerializationBenchmark.genericTypedMapSerialization,avgt,1,8,2.936409,0.040073,us/op
2021-09-27T23:57:06Z,pl.touk.nussknacker.engine.benchmarks.serialization.typedinfo.TypingResultBasedSerializationBenchmark.typingResultScalaMapSerialization,avgt,1,8,0.903813,0.019638,us/op
2021-09-27T23:57:06Z,pl.touk.nussknacker.engine.benchmarks.serialization.typedinfo.TypingResultBasedSerializationBenchmark.typingResultSerialization,avgt,1,8,1.380675,0.020761,us/op
2021-09-27T23:57:06Z,pl.touk.nussknacker.engine.benchmarks.serialization.typedinfo.TypingResultBasedSerializationBenchmark.typingResultTypedMapSerialization,avgt,1,8,0.676346,0.011546,us/op
2021-09-27T23:57:06Z,pl.touk.nussknacker.engine.benchmarks.spel.SampleSpelBenchmark.benchmark,avgt,1,8,0.178219,0.004029,us/op
2021-09-27T23:57:06Z,pl.touk.nussknacker.engine.benchmarks.spel.ScalaAccessorBenchmark.benchmark,avgt,1,8,0.116305,0.001115,us/op
2021-09-27T23:57:06Z,pl.touk.nussknacker.engine.benchmarks.spel.SpelSecurityExcludeListBenchmark.benchmark,avgt,1,8,0.171603,0.002507,us/op
2021-09-27T23:57:06Z,pl.touk.nussknacker.engine.benchmarks.spel.UUIDBenchmark.secureUUIDTest,avgt,1,8,0.567164,0.013799,us/op
2021-09-27T23:57:06Z,pl.touk.nussknacker.engine.benchmarks.spel.UUIDBenchmark.unsecureUUIDTest,avgt,1,8,0.145403,0.001668,us/op
2021-09-26T23:57:31Z,pl.touk.nussknacker.engine.benchmarks.interpreter.ManyParamsInterpreterBenchmark.benchmarkAsync,thrpt,1,8,59958.525057,411.655938,ops/s
2021-09-26T23:57:31Z,pl.touk.nussknacker.engine.benchmarks.interpreter.ManyParamsInterpreterBenchmark.benchmarkSync,thrpt,1,8,97468.336399,894.471287,ops/s
2021-09-26T23:57:31Z,pl.touk.nussknacker.engine.benchmarks.interpreter.OneParamInterpreterBenchmark.benchmarkAsyncIO,thrpt,1,8,30574.053656,638.686046,ops/s
2021-09-26T23:57:31Z,pl.touk.nussknacker.engine.benchmarks.interpreter.OneParamInterpreterBenchmark.benchmarkFutureAsync,thrpt,1,8,26857.089648,612.854010,ops/s
2021-09-26T23:57:31Z,pl.touk.nussknacker.engine.benchmarks.interpreter.OneParamInterpreterBenchmark.benchmarkFutureSync,thrpt,1,8,386854.993775,2659.674577,ops/s
2021-09-26T23:57:31Z,pl.touk.nussknacker.engine.benchmarks.interpreter.OneParamInterpreterBenchmark.benchmarkSyncIO,thrpt,1,8,398889.704351,3034.376599,ops/s
2021-09-26T23:57:31Z,pl.touk.nussknacker.engine.benchmarks.aggregate.AggregatorBenchamark.sumAggregatorAdd,avgt,1,8,0.060016,0.000829,us/op
2021-09-26T23:57:31Z,pl.touk.nussknacker.engine.benchmarks.serialization.avro.AvroBenchmark.defaultFlinkAvroRoundTripSerialization,avgt,1,8,1.940319,0.008256,us/op
2021-09-26T23:57:31Z,pl.touk.nussknacker.engine.benchmarks.serialization.avro.AvroBenchmark.defaultFlinkKryoRoundTripSerialization,avgt,1,8,21.481021,0.211901,us/op
2021-09-26T23:57:31Z,pl.touk.nussknacker.engine.benchmarks.serialization.avro.AvroBenchmark.schemaIdBasedKryoRoundTripSerialization,avgt,1,8,5.326854,0.042328,us/op
2021-09-26T23:57:31Z,pl.touk.nussknacker.engine.benchmarks.serialization.typedinfo.TypingResultBasedSerializationBenchmark.genericScalaMapSerialization,avgt,1,8,4.574189,0.039305,us/op
2021-09-26T23:57:31Z,pl.touk.nussknacker.engine.benchmarks.serialization.typedinfo.TypingResultBasedSerializationBenchmark.genericSerialization,avgt,1,8,9.129968,0.060211,us/op
2021-09-26T23:57:31Z,pl.touk.nussknacker.engine.benchmarks.serialization.typedinfo.TypingResultBasedSerializationBenchmark.genericTypedMapSerialization,avgt,1,8,3.196204,0.029807,us/op
2021-09-26T23:57:31Z,pl.touk.nussknacker.engine.benchmarks.serialization.typedinfo.TypingResultBasedSerializationBenchmark.typingResultScalaMapSerialization,avgt,1,8,0.995868,0.007892,us/op
2021-09-26T23:57:31Z,pl.touk.nussknacker.engine.benchmarks.serialization.typedinfo.TypingResultBasedSerializationBenchmark.typingResultSerialization,avgt,1,8,1.438194,0.034093,us/op
2021-09-26T23:57:31Z,pl.touk.nussknacker.engine.benchmarks.serialization.typedinfo.TypingResultBasedSerializationBenchmark.typingResultTypedMapSerialization,avgt,1,8,0.741340,0.002616,us/op
2021-09-26T23:57:31Z,pl.touk.nussknacker.engine.benchmarks.spel.SampleSpelBenchmark.benchmark,avgt,1,8,0.185703,0.001162,us/op
2021-09-26T23:57:31Z,pl.touk.nussknacker.engine.benchmarks.spel.ScalaAccessorBenchmark.benchmark,avgt,1,8,0.127510,0.001191,us/op
2021-09-26T23:57:31Z,pl.touk.nussknacker.engine.benchmarks.spel.SpelSecurityExcludeListBenchmark.benchmark,avgt,1,8,0.165307,0.001776,us/op
2021-09-26T23:57:31Z,pl.touk.nussknacker.engine.benchmarks.spel.UUIDBenchmark.secureUUIDTest,avgt,1,8,0.585425,0.007401,us/op
2021-09-26T23:57:31Z,pl.touk.nussknacker.engine.benchmarks.spel.UUIDBenchmark.unsecureUUIDTest,avgt,1,8,0.161621,0.001251,us/op
2021-09-25T23:56:37Z,pl.touk.nussknacker.engine.benchmarks.interpreter.ManyParamsInterpreterBenchmark.benchmarkAsync,thrpt,1,8,74388.514447,1986.974176,ops/s
2021-09-25T23:56:37Z,pl.touk.nussknacker.engine.benchmarks.interpreter.ManyParamsInterpreterBenchmark.benchmarkSync,thrpt,1,8,123702.243237,1669.486858,ops/s
2021-09-25T23:56:37Z,pl.touk.nussknacker.engine.benchmarks.interpreter.OneParamInterpreterBenchmark.benchmarkAsyncIO,thrpt,1,8,32768.619492,845.050667,ops/s
2021-09-25T23:56:37Z,pl.touk.nussknacker.engine.benchmarks.interpreter.OneParamInterpreterBenchmark.benchmarkFutureAsync,thrpt,1,8,29090.654663,513.138961,ops/s
2021-09-25T23:56:37Z,pl.touk.nussknacker.engine.benchmarks.interpreter.OneParamInterpreterBenchmark.benchmarkFutureSync,thrpt,1,8,448647.404513,9682.047252,ops/s
2021-09-25T23:56:37Z,pl.touk.nussknacker.engine.benchmarks.interpreter.OneParamInterpreterBenchmark.benchmarkSyncIO,thrpt,1,8,469543.715219,9024.998348,ops/s
2021-09-25T23:56:37Z,pl.touk.nussknacker.engine.benchmarks.aggregate.AggregatorBenchamark.sumAggregatorAdd,avgt,1,8,0.048531,0.000988,us/op
2021-09-25T23:56:37Z,pl.touk.nussknacker.engine.benchmarks.serialization.avro.AvroBenchmark.defaultFlinkAvroRoundTripSerialization,avgt,1,8,1.784792,0.071331,us/op
2021-09-25T23:56:37Z,pl.touk.nussknacker.engine.benchmarks.serialization.avro.AvroBenchmark.defaultFlinkKryoRoundTripSerialization,avgt,1,8,19.250148,0.696928,us/op
2021-09-25T23:56:37Z,pl.touk.nussknacker.engine.benchmarks.serialization.avro.AvroBenchmark.schemaIdBasedKryoRoundTripSerialization,avgt,1,8,4.520136,0.044037,us/op
2021-09-25T23:56:37Z,pl.touk.nussknacker.engine.benchmarks.serialization.typedinfo.TypingResultBasedSerializationBenchmark.genericScalaMapSerialization,avgt,1,8,3.967634,0.117043,us/op
2021-09-25T23:56:37Z,pl.touk.nussknacker.engine.benchmarks.serialization.typedinfo.TypingResultBasedSerializationBenchmark.genericSerialization,avgt,1,8,6.905739,0.243359,us/op
2021-09-25T23:56:37Z,pl.touk.nussknacker.engine.benchmarks.serialization.typedinfo.TypingResultBasedSerializationBenchmark.genericTypedMapSerialization,avgt,1,8,2.833958,0.038271,us/op
2021-09-25T23:56:37Z,pl.touk.nussknacker.engine.benchmarks.serialization.typedinfo.TypingResultBasedSerializationBenchmark.typingResultScalaMapSerialization,avgt,1,8,0.900553,0.025045,us/op
2021-09-25T23:56:37Z,pl.touk.nussknacker.engine.benchmarks.serialization.typedinfo.TypingResultBasedSerializationBenchmark.typingResultSerialization,avgt,1,8,1.242491,0.024534,us/op
2021-09-25T23:56:37Z,pl.touk.nussknacker.engine.benchmarks.serialization.typedinfo.TypingResultBasedSerializationBenchmark.typingResultTypedMapSerialization,avgt,1,8,0.666419,0.033090,us/op
2021-09-25T23:56:37Z,pl.touk.nussknacker.engine.benchmarks.spel.SampleSpelBenchmark.benchmark,avgt,1,8,0.155895,0.001796,us/op
2021-09-25T23:56:37Z,pl.touk.nussknacker.engine.benchmarks.spel.ScalaAccessorBenchmark.benchmark,avgt,1,8,0.108981,0.001400,us/op
2021-09-25T23:56:37Z,pl.touk.nussknacker.engine.benchmarks.spel.SpelSecurityExcludeListBenchmark.benchmark,avgt,1,8,0.177794,0.004255,us/op
2021-09-25T23:56:37Z,pl.touk.nussknacker.engine.benchmarks.spel.UUIDBenchmark.secureUUIDTest,avgt,1,8,0.549231,0.008318,us/op
2021-09-25T23:56:37Z,pl.touk.nussknacker.engine.benchmarks.spel.UUIDBenchmark.unsecureUUIDTest,avgt,1,8,0.140869,0.005449,us/op
2021-09-24T23:57:57Z,pl.touk.nussknacker.engine.benchmarks.interpreter.ManyParamsInterpreterBenchmark.benchmarkAsync,thrpt,1,8,60120.369518,4049.440419,ops/s
2021-09-24T23:57:57Z,pl.touk.nussknacker.engine.benchmarks.interpreter.ManyParamsInterpreterBenchmark.benchmarkSync,thrpt,1,8,107618.746064,6867.269486,ops/s
2021-09-24T23:57:57Z,pl.touk.nussknacker.engine.benchmarks.interpreter.OneParamInterpreterBenchmark.benchmarkAsyncIO,thrpt,1,8,30749.748221,2701.059645,ops/s
2021-09-24T23:57:57Z,pl.touk.nussknacker.engine.benchmarks.interpreter.OneParamInterpreterBenchmark.benchmarkFutureAsync,thrpt,1,8,25275.655438,1788.406923,ops/s
2021-09-24T23:57:57Z,pl.touk.nussknacker.engine.benchmarks.interpreter.OneParamInterpreterBenchmark.benchmarkFutureSync,thrpt,1,8,500529.012614,35893.229236,ops/s
2021-09-24T23:57:57Z,pl.touk.nussknacker.engine.benchmarks.interpreter.OneParamInterpreterBenchmark.benchmarkSyncIO,thrpt,1,8,405006.221717,45946.639722,ops/s
2021-09-24T23:57:57Z,pl.touk.nussknacker.engine.benchmarks.aggregate.AggregatorBenchamark.sumAggregatorAdd,avgt,1,8,0.060140,0.000531,us/op
2021-09-24T23:57:57Z,pl.touk.nussknacker.engine.benchmarks.serialization.avro.AvroBenchmark.defaultFlinkAvroRoundTripSerialization,avgt,1,8,1.929631,0.021631,us/op
2021-09-24T23:57:57Z,pl.touk.nussknacker.engine.benchmarks.serialization.avro.AvroBenchmark.defaultFlinkKryoRoundTripSerialization,avgt,1,8,23.635217,0.511983,us/op
2021-09-24T23:57:57Z,pl.touk.nussknacker.engine.benchmarks.serialization.avro.AvroBenchmark.schemaIdBasedKryoRoundTripSerialization,avgt,1,8,5.905243,0.120066,us/op
2021-09-24T23:57:57Z,pl.touk.nussknacker.engine.benchmarks.serialization.typedinfo.TypingResultBasedSerializationBenchmark.genericScalaMapSerialization,avgt,1,8,5.034408,0.133961,us/op
2021-09-24T23:57:57Z,pl.touk.nussknacker.engine.benchmarks.serialization.typedinfo.TypingResultBasedSerializationBenchmark.genericSerialization,avgt,1,8,10.010144,0.214670,us/op
2021-09-24T23:57:57Z,pl.touk.nussknacker.engine.benchmarks.serialization.typedinfo.TypingResultBasedSerializationBenchmark.genericTypedMapSerialization,avgt,1,8,3.678943,0.051833,us/op
2021-09-24T23:57:57Z,pl.touk.nussknacker.engine.benchmarks.serialization.typedinfo.TypingResultBasedSerializationBenchmark.typingResultScalaMapSerialization,avgt,1,8,0.991237,0.017117,us/op
2021-09-24T23:57:57Z,pl.touk.nussknacker.engine.benchmarks.serialization.typedinfo.TypingResultBasedSerializationBenchmark.typingResultSerialization,avgt,1,8,1.444161,0.017797,us/op
2021-09-24T23:57:57Z,pl.touk.nussknacker.engine.benchmarks.serialization.typedinfo.TypingResultBasedSerializationBenchmark.typingResultTypedMapSerialization,avgt,1,8,0.820815,0.010097,us/op
2021-09-24T23:57:57Z,pl.touk.nussknacker.engine.benchmarks.spel.SampleSpelBenchmark.benchmark,avgt,1,8,0.205670,0.002603,us/op
2021-09-24T23:57:57Z,pl.touk.nussknacker.engine.benchmarks.spel.ScalaAccessorBenchmark.benchmark,avgt,1,8,0.146012,0.003698,us/op
2021-09-24T23:57:57Z,pl.touk.nussknacker.engine.benchmarks.spel.SpelSecurityExcludeListBenchmark.benchmark,avgt,1,8,0.187243,0.004157,us/op
2021-09-24T23:57:57Z,pl.touk.nussknacker.engine.benchmarks.spel.UUIDBenchmark.secureUUIDTest,avgt,1,8,0.609248,0.003398,us/op
2021-09-24T23:57:57Z,pl.touk.nussknacker.engine.benchmarks.spel.UUIDBenchmark.unsecureUUIDTest,avgt,1,8,0.170931,0.003132,us/op
2021-09-23T23:57:35Z,pl.touk.nussknacker.engine.benchmarks.interpreter.ManyParamsInterpreterBenchmark.benchmarkAsync,thrpt,1,8,62317.304386,1513.300221,ops/s
2021-09-23T23:57:35Z,pl.touk.nussknacker.engine.benchmarks.interpreter.ManyParamsInterpreterBenchmark.benchmarkSync,thrpt,1,8,124851.232631,5260.378996,ops/s
2021-09-23T23:57:35Z,pl.touk.nussknacker.engine.benchmarks.interpreter.OneParamInterpreterBenchmark.benchmarkAsyncIO,thrpt,1,8,34142.157027,2933.865293,ops/s
2021-09-23T23:57:35Z,pl.touk.nussknacker.engine.benchmarks.interpreter.OneParamInterpreterBenchmark.benchmarkFutureAsync,thrpt,1,8,28958.621756,922.699134,ops/s
2021-09-23T23:57:35Z,pl.touk.nussknacker.engine.benchmarks.interpreter.OneParamInterpreterBenchmark.benchmarkFutureSync,thrpt,1,8,539267.876063,5621.257666,ops/s
2021-09-23T23:57:35Z,pl.touk.nussknacker.engine.benchmarks.interpreter.OneParamInterpreterBenchmark.benchmarkSyncIO,thrpt,1,8,553060.358918,9329.449257,ops/s
2021-09-23T23:57:35Z,pl.touk.nussknacker.engine.benchmarks.aggregate.AggregatorBenchamark.sumAggregatorAdd,avgt,1,8,0.050541,0.001030,us/op
2021-09-23T23:57:35Z,pl.touk.nussknacker.engine.benchmarks.serialization.avro.AvroBenchmark.defaultFlinkAvroRoundTripSerialization,avgt,1,8,1.721349,0.021356,us/op
2021-09-23T23:57:35Z,pl.touk.nussknacker.engine.benchmarks.serialization.avro.AvroBenchmark.defaultFlinkKryoRoundTripSerialization,avgt,1,8,18.759917,0.317371,us/op
2021-09-23T23:57:35Z,pl.touk.nussknacker.engine.benchmarks.serialization.avro.AvroBenchmark.schemaIdBasedKryoRoundTripSerialization,avgt,1,8,4.678397,0.087152,us/op
2021-09-23T23:57:35Z,pl.touk.nussknacker.engine.benchmarks.serialization.typedinfo.TypingResultBasedSerializationBenchmark.genericScalaMapSerialization,avgt,1,8,4.157280,0.113027,us/op
2021-09-23T23:57:35Z,pl.touk.nussknacker.engine.benchmarks.serialization.typedinfo.TypingResultBasedSerializationBenchmark.genericSerialization,avgt,1,8,6.821489,0.063557,us/op
2021-09-23T23:57:35Z,pl.touk.nussknacker.engine.benchmarks.serialization.typedinfo.TypingResultBasedSerializationBenchmark.genericTypedMapSerialization,avgt,1,8,2.951645,0.145577,us/op
2021-09-23T23:57:35Z,pl.touk.nussknacker.engine.benchmarks.serialization.typedinfo.TypingResultBasedSerializationBenchmark.typingResultScalaMapSerialization,avgt,1,8,0.753201,0.017469,us/op
2021-09-23T23:57:35Z,pl.touk.nussknacker.engine.benchmarks.serialization.typedinfo.TypingResultBasedSerializationBenchmark.typingResultSerialization,avgt,1,8,1.071674,0.021751,us/op
2021-09-23T23:57:35Z,pl.touk.nussknacker.engine.benchmarks.serialization.typedinfo.TypingResultBasedSerializationBenchmark.typingResultTypedMapSerialization,avgt,1,8,0.573443,0.011218,us/op
2021-09-23T23:57:35Z,pl.touk.nussknacker.engine.benchmarks.spel.SampleSpelBenchmark.benchmark,avgt,1,8,0.151015,0.003440,us/op
2021-09-23T23:57:35Z,pl.touk.nussknacker.engine.benchmarks.spel.ScalaAccessorBenchmark.benchmark,avgt,1,8,0.102330,0.003637,us/op
2021-09-23T23:57:35Z,pl.touk.nussknacker.engine.benchmarks.spel.SpelSecurityExcludeListBenchmark.benchmark,avgt,1,8,0.137478,0.002066,us/op
2021-09-23T23:57:35Z,pl.touk.nussknacker.engine.benchmarks.spel.UUIDBenchmark.secureUUIDTest,avgt,1,8,0.483889,0.043083,us/op
2021-09-23T23:57:35Z,pl.touk.nussknacker.engine.benchmarks.spel.UUIDBenchmark.unsecureUUIDTest,avgt,1,8,0.144506,0.008861,us/op
2021-09-22T23:57:30Z,pl.touk.nussknacker.engine.benchmarks.interpreter.ManyParamsInterpreterBenchmark.benchmarkAsync,thrpt,1,8,76508.899583,227.477238,ops/s
2021-09-22T23:57:30Z,pl.touk.nussknacker.engine.benchmarks.interpreter.ManyParamsInterpreterBenchmark.benchmarkSync,thrpt,1,8,116232.245520,618.662949,ops/s
2021-09-22T23:57:30Z,pl.touk.nussknacker.engine.benchmarks.interpreter.OneParamInterpreterBenchmark.benchmarkAsyncIO,thrpt,1,8,33272.864500,523.742542,ops/s
2021-09-22T23:57:30Z,pl.touk.nussknacker.engine.benchmarks.interpreter.OneParamInterpreterBenchmark.benchmarkFutureAsync,thrpt,1,8,28510.478047,160.248652,ops/s
2021-09-22T23:57:30Z,pl.touk.nussknacker.engine.benchmarks.interpreter.OneParamInterpreterBenchmark.benchmarkFutureSync,thrpt,1,8,383609.606539,2305.823288,ops/s
2021-09-22T23:57:30Z,pl.touk.nussknacker.engine.benchmarks.interpreter.OneParamInterpreterBenchmark.benchmarkSyncIO,thrpt,1,8,392139.873583,3009.576563,ops/s
2021-09-22T23:57:30Z,pl.touk.nussknacker.engine.benchmarks.aggregate.AggregatorBenchamark.sumAggregatorAdd,avgt,1,8,0.057061,0.000493,us/op
2021-09-22T23:57:30Z,pl.touk.nussknacker.engine.benchmarks.serialization.avro.AvroBenchmark.defaultFlinkAvroRoundTripSerialization,avgt,1,8,1.761817,0.011460,us/op
2021-09-22T23:57:30Z,pl.touk.nussknacker.engine.benchmarks.serialization.avro.AvroBenchmark.defaultFlinkKryoRoundTripSerialization,avgt,1,8,20.938405,0.120983,us/op
2021-09-22T23:57:30Z,pl.touk.nussknacker.engine.benchmarks.serialization.avro.AvroBenchmark.schemaIdBasedKryoRoundTripSerialization,avgt,1,8,4.747765,0.035895,us/op
2021-09-22T23:57:30Z,pl.touk.nussknacker.engine.benchmarks.serialization.typedinfo.TypingResultBasedSerializationBenchmark.genericScalaMapSerialization,avgt,1,8,4.290723,0.100385,us/op
2021-09-22T23:57:30Z,pl.touk.nussknacker.engine.benchmarks.serialization.typedinfo.TypingResultBasedSerializationBenchmark.genericSerialization,avgt,1,8,7.128228,0.044352,us/op
2021-09-22T23:57:30Z,pl.touk.nussknacker.engine.benchmarks.serialization.typedinfo.TypingResultBasedSerializationBenchmark.genericTypedMapSerialization,avgt,1,8,2.945832,0.013164,us/op
2021-09-22T23:57:30Z,pl.touk.nussknacker.engine.benchmarks.serialization.typedinfo.TypingResultBasedSerializationBenchmark.typingResultScalaMapSerialization,avgt,1,8,0.901345,0.005634,us/op
2021-09-22T23:57:30Z,pl.touk.nussknacker.engine.benchmarks.serialization.typedinfo.TypingResultBasedSerializationBenchmark.typingResultSerialization,avgt,1,8,1.361048,0.041579,us/op
2021-09-22T23:57:30Z,pl.touk.nussknacker.engine.benchmarks.serialization.typedinfo.TypingResultBasedSerializationBenchmark.typingResultTypedMapSerialization,avgt,1,8,0.716154,0.015482,us/op
2021-09-22T23:57:30Z,pl.touk.nussknacker.engine.benchmarks.spel.SampleSpelBenchmark.benchmark,avgt,1,8,0.198909,0.005824,us/op
2021-09-22T23:57:30Z,pl.touk.nussknacker.engine.benchmarks.spel.ScalaAccessorBenchmark.benchmark,avgt,1,8,0.121484,0.001641,us/op
2021-09-22T23:57:30Z,pl.touk.nussknacker.engine.benchmarks.spel.SpelSecurityExcludeListBenchmark.benchmark,avgt,1,8,0.185816,0.004119,us/op
2021-09-22T23:57:30Z,pl.touk.nussknacker.engine.benchmarks.spel.UUIDBenchmark.secureUUIDTest,avgt,1,8,0.601295,0.011257,us/op
2021-09-22T23:57:30Z,pl.touk.nussknacker.engine.benchmarks.spel.UUIDBenchmark.unsecureUUIDTest,avgt,1,8,0.150139,0.006818,us/op
2021-09-21T23:56:55Z,pl.touk.nussknacker.engine.benchmarks.interpreter.ManyParamsInterpreterBenchmark.benchmarkAsync,thrpt,1,8,80255.845169,1635.144015,ops/s
2021-09-21T23:56:55Z,pl.touk.nussknacker.engine.benchmarks.interpreter.ManyParamsInterpreterBenchmark.benchmarkSync,thrpt,1,8,134598.220547,5770.139355,ops/s
2021-09-21T23:56:55Z,pl.touk.nussknacker.engine.benchmarks.interpreter.OneParamInterpreterBenchmark.benchmarkAsyncIO,thrpt,1,8,33006.424918,1460.167454,ops/s
2021-09-21T23:56:55Z,pl.touk.nussknacker.engine.benchmarks.interpreter.OneParamInterpreterBenchmark.benchmarkFutureAsync,thrpt,1,8,29869.407663,880.589474,ops/s
2021-09-21T23:56:55Z,pl.touk.nussknacker.engine.benchmarks.interpreter.OneParamInterpreterBenchmark.benchmarkFutureSync,thrpt,1,8,464211.982848,13425.412858,ops/s
2021-09-21T23:56:55Z,pl.touk.nussknacker.engine.benchmarks.interpreter.OneParamInterpreterBenchmark.benchmarkSyncIO,thrpt,1,8,426755.375780,11487.860432,ops/s
2021-09-21T23:56:55Z,pl.touk.nussknacker.engine.benchmarks.aggregate.AggregatorBenchamark.sumAggregatorAdd,avgt,1,8,0.046648,0.001702,us/op
2021-09-21T23:56:55Z,pl.touk.nussknacker.engine.benchmarks.serialization.avro.AvroBenchmark.defaultFlinkAvroRoundTripSerialization,avgt,1,8,1.667980,0.024898,us/op
2021-09-21T23:56:55Z,pl.touk.nussknacker.engine.benchmarks.serialization.avro.AvroBenchmark.defaultFlinkKryoRoundTripSerialization,avgt,1,8,18.771080,0.368731,us/op
2021-09-21T23:56:55Z,pl.touk.nussknacker.engine.benchmarks.serialization.avro.AvroBenchmark.schemaIdBasedKryoRoundTripSerialization,avgt,1,8,4.250271,0.136372,us/op
2021-09-21T23:56:55Z,pl.touk.nussknacker.engine.benchmarks.serialization.typedinfo.TypingResultBasedSerializationBenchmark.genericScalaMapSerialization,avgt,1,8,3.808451,0.061798,us/op
2021-09-21T23:56:55Z,pl.touk.nussknacker.engine.benchmarks.serialization.typedinfo.TypingResultBasedSerializationBenchmark.genericSerialization,avgt,1,8,6.380542,0.134184,us/op
2021-09-21T23:56:55Z,pl.touk.nussknacker.engine.benchmarks.serialization.typedinfo.TypingResultBasedSerializationBenchmark.genericTypedMapSerialization,avgt,1,8,2.779109,0.112238,us/op
2021-09-21T23:56:55Z,pl.touk.nussknacker.engine.benchmarks.serialization.typedinfo.TypingResultBasedSerializationBenchmark.typingResultScalaMapSerialization,avgt,1,8,0.799413,0.011472,us/op
2021-09-21T23:56:55Z,pl.touk.nussknacker.engine.benchmarks.serialization.typedinfo.TypingResultBasedSerializationBenchmark.typingResultSerialization,avgt,1,8,1.192554,0.054738,us/op
2021-09-21T23:56:55Z,pl.touk.nussknacker.engine.benchmarks.serialization.typedinfo.TypingResultBasedSerializationBenchmark.typingResultTypedMapSerialization,avgt,1,8,0.630974,0.027921,us/op
2021-09-21T23:56:55Z,pl.touk.nussknacker.engine.benchmarks.spel.SampleSpelBenchmark.benchmark,avgt,1,8,0.160814,0.002884,us/op
2021-09-21T23:56:55Z,pl.touk.nussknacker.engine.benchmarks.spel.ScalaAccessorBenchmark.benchmark,avgt,1,8,0.102950,0.004996,us/op
2021-09-21T23:56:55Z,pl.touk.nussknacker.engine.benchmarks.spel.SpelSecurityExcludeListBenchmark.benchmark,avgt,1,8,0.147654,0.004596,us/op
2021-09-21T23:56:55Z,pl.touk.nussknacker.engine.benchmarks.spel.UUIDBenchmark.secureUUIDTest,avgt,1,8,0.530482,0.019999,us/op
2021-09-21T23:56:55Z,pl.touk.nussknacker.engine.benchmarks.spel.UUIDBenchmark.unsecureUUIDTest,avgt,1,8,0.128905,0.003966,us/op
2021-09-20T23:54:46Z,pl.touk.nussknacker.engine.benchmarks.interpreter.ManyParamsInterpreterBenchmark.benchmarkAsync,thrpt,1,8,78681.788646,1203.894754,ops/s
2021-09-20T23:54:46Z,pl.touk.nussknacker.engine.benchmarks.interpreter.ManyParamsInterpreterBenchmark.benchmarkSync,thrpt,1,8,115159.456334,3043.778167,ops/s
2021-09-20T23:54:46Z,pl.touk.nussknacker.engine.benchmarks.interpreter.OneParamInterpreterBenchmark.benchmarkAsyncIO,thrpt,1,8,32987.708634,1550.476676,ops/s
2021-09-20T23:54:46Z,pl.touk.nussknacker.engine.benchmarks.interpreter.OneParamInterpreterBenchmark.benchmarkFutureAsync,thrpt,1,8,27822.282216,631.753285,ops/s
2021-09-20T23:54:46Z,pl.touk.nussknacker.engine.benchmarks.interpreter.OneParamInterpreterBenchmark.benchmarkFutureSync,thrpt,1,8,467825.450583,13637.305604,ops/s
2021-09-20T23:54:46Z,pl.touk.nussknacker.engine.benchmarks.interpreter.OneParamInterpreterBenchmark.benchmarkSyncIO,thrpt,1,8,409205.090834,5752.343492,ops/s
2021-09-20T23:54:46Z,pl.touk.nussknacker.engine.benchmarks.aggregate.AggregatorBenchamark.sumAggregatorAdd,avgt,1,8,0.052741,0.000933,us/op
2021-09-20T23:54:46Z,pl.touk.nussknacker.engine.benchmarks.serialization.avro.AvroBenchmark.defaultFlinkAvroRoundTripSerialization,avgt,1,8,1.866796,0.032786,us/op
2021-09-20T23:54:46Z,pl.touk.nussknacker.engine.benchmarks.serialization.avro.AvroBenchmark.defaultFlinkKryoRoundTripSerialization,avgt,1,8,21.325833,0.417378,us/op
2021-09-20T23:54:46Z,pl.touk.nussknacker.engine.benchmarks.serialization.avro.AvroBenchmark.schemaIdBasedKryoRoundTripSerialization,avgt,1,8,4.868967,0.178927,us/op
2021-09-20T23:54:46Z,pl.touk.nussknacker.engine.benchmarks.serialization.typedinfo.TypingResultBasedSerializationBenchmark.genericScalaMapSerialization,avgt,1,8,4.252245,0.150987,us/op
2021-09-20T23:54:46Z,pl.touk.nussknacker.engine.benchmarks.serialization.typedinfo.TypingResultBasedSerializationBenchmark.genericSerialization,avgt,1,8,7.298552,0.112561,us/op
2021-09-20T23:54:46Z,pl.touk.nussknacker.engine.benchmarks.serialization.typedinfo.TypingResultBasedSerializationBenchmark.genericTypedMapSerialization,avgt,1,8,3.121006,0.104016,us/op
2021-09-20T23:54:46Z,pl.touk.nussknacker.engine.benchmarks.serialization.typedinfo.TypingResultBasedSerializationBenchmark.typingResultScalaMapSerialization,avgt,1,8,0.977385,0.025027,us/op
2021-09-20T23:54:46Z,pl.touk.nussknacker.engine.benchmarks.serialization.typedinfo.TypingResultBasedSerializationBenchmark.typingResultSerialization,avgt,1,8,1.480957,0.025963,us/op
2021-09-20T23:54:46Z,pl.touk.nussknacker.engine.benchmarks.serialization.typedinfo.TypingResultBasedSerializationBenchmark.typingResultTypedMapSerialization,avgt,1,8,0.726298,0.011454,us/op
2021-09-20T23:54:46Z,pl.touk.nussknacker.engine.benchmarks.spel.SampleSpelBenchmark.benchmark,avgt,1,8,0.190275,0.001581,us/op
2021-09-20T23:54:46Z,pl.touk.nussknacker.engine.benchmarks.spel.ScalaAccessorBenchmark.benchmark,avgt,1,8,0.117710,0.002560,us/op
2021-09-20T23:54:46Z,pl.touk.nussknacker.engine.benchmarks.spel.SpelSecurityExcludeListBenchmark.benchmark,avgt,1,8,0.169257,0.004452,us/op
2021-09-20T23:54:46Z,pl.touk.nussknacker.engine.benchmarks.spel.UUIDBenchmark.secureUUIDTest,avgt,1,8,0.601254,0.010984,us/op
2021-09-20T23:54:46Z,pl.touk.nussknacker.engine.benchmarks.spel.UUIDBenchmark.unsecureUUIDTest,avgt,1,8,0.149940,0.002915,us/op
